N,P,K,ph,crop,crop_binary
90,42,43,7,rice,1
85,58,41,7,rice,1
60,55,44,8,rice,1
74,35,40,7,rice,1
78,42,42,8,rice,1
69,37,42,7,rice,1
69,55,38,6,rice,1
94,53,40,6,rice,1
89,54,38,7,rice,1
68,58,38,6,rice,1
91,53,40,5,rice,1
90,46,42,8,rice,1
78,58,44,5,rice,1
93,56,36,7,rice,1
94,50,37,7,rice,1
60,48,39,7,rice,1
85,38,41,6,rice,1
91,35,39,7,rice,1
77,38,36,6,rice,1
88,35,40,6,rice,1
89,45,36,6,rice,1
76,40,43,5,rice,1
67,59,41,6,rice,1
83,41,43,6,rice,1
98,47,37,7,rice,1
66,53,41,8,rice,1
97,59,43,6,rice,1
97,50,41,7,rice,1
60,49,44,6,rice,1
84,51,35,6,rice,1
73,57,41,6,rice,1
92,35,40,6,rice,1
85,37,39,6,rice,1
98,53,38,5,rice,1
88,54,44,6,rice,1
95,55,42,6,rice,1
99,57,35,6,rice,1
95,39,36,6,rice,1
60,43,44,7,rice,1
63,44,41,6,rice,1
62,42,36,6,rice,1
64,45,43,6,rice,1
83,60,36,7,rice,1
82,40,40,6,rice,1
85,52,45,7,rice,1
91,35,38,6,rice,1
76,49,42,5,rice,1
74,39,38,8,rice,1
79,43,39,7,rice,1
88,55,45,8,rice,1
60,36,43,5,rice,1
76,60,39,7,rice,1
93,56,42,7,rice,1
65,60,43,6,rice,1
95,52,36,6,rice,1
75,38,39,6,rice,1
74,54,38,7,rice,1
91,36,45,6,rice,1
71,46,40,7,rice,1
99,55,35,7,rice,1
72,40,38,8,rice,1
83,58,45,6,rice,1
93,58,38,7,rice,1
70,36,42,7,rice,1
76,47,42,6,rice,1
99,41,36,7,rice,1
99,54,37,6,rice,1
86,59,35,7,rice,1
69,46,41,5,rice,1
91,56,37,6,rice,1
61,52,41,7,rice,1
67,45,38,7,rice,1
79,42,37,7,rice,1
78,43,42,7,rice,1
75,54,36,7,rice,1
97,36,45,7,rice,1
67,47,44,8,rice,1
73,35,38,5,rice,1
77,36,37,6,rice,1
81,41,38,8,rice,1
68,57,43,6,rice,1
72,45,35,6,rice,1
61,53,43,6,rice,1
67,43,39,6,rice,1
67,58,39,5,rice,1
66,60,38,6,rice,1
82,43,38,5,rice,1
84,50,44,6,rice,1
81,53,42,5,rice,1
91,50,40,6,rice,1
93,53,38,7,rice,1
90,44,38,7,rice,1
81,45,35,6,rice,1
78,40,38,8,rice,1
60,51,36,6,rice,1
88,46,42,7,rice,1
93,47,37,7,rice,1
60,55,45,6,rice,1
78,35,44,7,rice,1
65,37,40,5,rice,1
71,54,16,6,maize,0
61,44,17,7,maize,0
80,43,16,7,maize,0
73,58,21,7,maize,0
61,38,20,6,maize,0
68,41,16,6,maize,0
93,41,17,6,maize,0
89,60,19,6,maize,0
76,44,17,6,maize,0
67,60,25,6,maize,0
70,44,19,6,maize,0
90,49,21,6,maize,0
62,52,16,7,maize,0
92,44,16,6,maize,0
66,54,21,6,maize,0
63,58,22,6,maize,0
70,47,17,7,maize,0
61,41,17,6,maize,0
66,53,19,6,maize,0
74,55,19,6,maize,0
77,57,21,7,maize,0
99,50,15,6,maize,0
74,56,22,7,maize,0
83,45,21,6,maize,0
100,48,16,6,maize,0
79,51,16,7,maize,0
94,39,18,6,maize,0
75,49,15,6,maize,0
78,48,22,6,maize,0
87,54,20,7,maize,0
87,35,25,6,maize,0
63,43,19,7,maize,0
84,57,25,6,maize,0
64,35,23,6,maize,0
60,46,22,7,maize,0
98,44,21,7,maize,0
75,56,18,6,maize,0
86,55,21,7,maize,0
98,35,18,6,maize,0
76,57,18,6,maize,0
99,56,17,6,maize,0
60,44,23,6,maize,0
74,48,17,6,maize,0
89,60,17,6,maize,0
69,51,23,7,maize,0
96,46,22,6,maize,0
61,60,15,6,maize,0
74,58,18,7,maize,0
74,43,23,6,maize,0
63,43,17,7,maize,0
99,36,20,7,maize,0
77,36,23,7,maize,0
87,60,23,6,maize,0
60,38,17,6,maize,0
94,54,17,6,maize,0
95,38,22,6,maize,0
84,44,21,6,maize,0
77,58,19,6,maize,0
66,44,20,7,maize,0
63,35,16,6,maize,0
79,45,20,6,maize,0
72,60,25,6,maize,0
67,51,24,6,maize,0
86,36,24,6,maize,0
76,48,18,6,maize,0
75,53,18,7,maize,0
81,45,23,6,maize,0
73,45,21,7,maize,0
71,35,24,6,maize,0
96,54,22,7,maize,0
99,39,18,6,maize,0
62,48,20,7,maize,0
86,37,16,6,maize,0
94,50,19,6,maize,0
76,39,24,7,maize,0
77,52,17,6,maize,0
74,39,23,7,maize,0
81,49,20,6,maize,0
63,42,21,6,maize,0
99,38,21,6,maize,0
90,52,25,7,maize,0
68,40,19,7,maize,0
60,57,24,6,maize,0
71,52,18,6,maize,0
61,59,17,6,maize,0
88,38,15,6,maize,0
65,60,22,7,maize,0
78,37,22,6,maize,0
78,58,15,7,maize,0
92,60,23,6,maize,0
79,59,17,7,maize,0
91,55,15,6,maize,0
76,51,18,6,maize,0
87,48,25,7,maize,0
71,60,22,6,maize,0
90,57,24,6,maize,0
67,35,22,6,maize,0
60,54,19,6,maize,0
83,58,23,6,maize,0
83,57,19,7,maize,0
40,72,77,7,chickpea,0
23,72,84,7,chickpea,0
39,58,85,6,chickpea,0
22,72,85,6,chickpea,0
36,67,77,7,chickpea,0
32,73,81,6,chickpea,0
58,70,84,6,chickpea,0
59,70,84,8,chickpea,0
42,62,75,7,chickpea,0
28,74,81,9,chickpea,0
58,66,79,9,chickpea,0
43,66,79,8,chickpea,0
58,63,81,7,chickpea,0
23,62,85,8,chickpea,0
27,62,77,7,chickpea,0
28,72,84,6,chickpea,0
50,56,76,8,chickpea,0
39,71,84,8,chickpea,0
25,78,76,7,chickpea,0
31,70,77,6,chickpea,0
26,80,83,8,chickpea,0
25,68,77,8,chickpea,0
31,78,76,9,chickpea,0
60,68,83,7,chickpea,0
59,62,83,8,chickpea,0
22,67,78,6,chickpea,0
36,65,80,6,chickpea,0
59,60,84,8,chickpea,0
54,77,85,8,chickpea,0
43,68,81,7,chickpea,0
28,76,82,7,chickpea,0
42,79,85,6,chickpea,0
32,60,83,9,chickpea,0
22,78,76,9,chickpea,0
31,79,75,8,chickpea,0
28,58,81,6,chickpea,0
57,58,77,8,chickpea,0
49,55,78,8,chickpea,0
46,76,77,7,chickpea,0
54,61,77,6,chickpea,0
38,60,76,9,chickpea,0
59,55,79,9,chickpea,0
36,76,75,9,chickpea,0
57,68,81,8,chickpea,0
35,66,81,6,chickpea,0
35,64,78,7,chickpea,0
52,60,79,8,chickpea,0
27,76,83,6,chickpea,0
57,60,84,7,chickpea,0
52,68,78,7,chickpea,0
43,79,79,8,chickpea,0
44,74,85,7,chickpea,0
24,55,78,7,chickpea,0
29,77,75,8,chickpea,0
20,60,78,6,chickpea,0
56,67,78,8,chickpea,0
37,66,85,6,chickpea,0
49,71,76,7,chickpea,0
59,69,80,8,chickpea,0
20,79,77,8,chickpea,0
24,56,85,7,chickpea,0
51,72,75,7,chickpea,0
57,73,85,7,chickpea,0
22,64,82,6,chickpea,0
52,73,79,8,chickpea,0
29,75,75,7,chickpea,0
44,59,78,8,chickpea,0
41,69,82,7,chickpea,0
52,56,85,7,chickpea,0
34,76,80,8,chickpea,0
42,74,83,8,chickpea,0
34,71,79,8,chickpea,0
27,73,79,7,chickpea,0
30,70,79,7,chickpea,0
57,57,75,8,chickpea,0
27,79,82,6,chickpea,0
32,71,85,6,chickpea,0
31,76,82,8,chickpea,0
33,75,84,7,chickpea,0
47,80,77,8,chickpea,0
54,62,80,7,chickpea,0
47,79,78,7,chickpea,0
35,57,83,7,chickpea,0
53,73,77,7,chickpea,0
45,61,78,6,chickpea,0
37,78,79,8,chickpea,0
30,75,81,6,chickpea,0
37,55,82,8,chickpea,0
53,65,76,9,chickpea,0
22,60,85,8,chickpea,0
60,61,78,6,chickpea,0
42,67,77,7,chickpea,0
39,76,76,8,chickpea,0
35,63,76,8,chickpea,0
30,65,82,7,chickpea,0
57,56,78,9,chickpea,0
48,65,78,8,chickpea,0
36,56,83,7,chickpea,0
40,58,75,7,chickpea,0
49,69,82,7,chickpea,0
13,60,25,6,kidneybeans,0
25,70,16,6,kidneybeans,0
31,55,22,6,kidneybeans,0
40,64,16,6,kidneybeans,0
2,61,20,6,kidneybeans,0
26,65,22,6,kidneybeans,0
17,57,21,6,kidneybeans,0
26,80,18,6,kidneybeans,0
17,59,17,6,kidneybeans,0
27,59,22,6,kidneybeans,0
28,58,24,6,kidneybeans,0
25,57,19,6,kidneybeans,0
28,80,17,6,kidneybeans,0
25,60,22,6,kidneybeans,0
12,78,23,6,kidneybeans,0
6,77,25,6,kidneybeans,0
22,79,17,6,kidneybeans,0
27,80,15,6,kidneybeans,0
10,55,23,6,kidneybeans,0
23,65,20,6,kidneybeans,0
19,78,16,6,kidneybeans,0
19,65,25,6,kidneybeans,0
22,70,19,6,kidneybeans,0
37,64,22,6,kidneybeans,0
11,71,17,6,kidneybeans,0
18,79,20,6,kidneybeans,0
21,63,17,6,kidneybeans,0
24,80,22,6,kidneybeans,0
34,60,22,6,kidneybeans,0
16,75,21,6,kidneybeans,0
17,77,23,6,kidneybeans,0
37,72,18,6,kidneybeans,0
40,73,20,6,kidneybeans,0
9,77,17,6,kidneybeans,0
1,62,23,6,kidneybeans,0
33,59,22,6,kidneybeans,0
23,59,19,6,kidneybeans,0
6,62,22,6,kidneybeans,0
25,63,20,6,kidneybeans,0
7,79,23,6,kidneybeans,0
8,72,17,6,kidneybeans,0
27,64,15,6,kidneybeans,0
28,66,23,6,kidneybeans,0
32,57,18,6,kidneybeans,0
27,56,22,6,kidneybeans,0
17,77,24,6,kidneybeans,0
0,65,15,6,kidneybeans,0
13,72,21,6,kidneybeans,0
34,60,23,6,kidneybeans,0
9,80,19,6,kidneybeans,0
11,72,20,6,kidneybeans,0
3,67,24,6,kidneybeans,0
35,69,23,6,kidneybeans,0
3,77,25,6,kidneybeans,0
23,62,19,6,kidneybeans,0
22,71,17,6,kidneybeans,0
31,79,25,6,kidneybeans,0
34,59,18,6,kidneybeans,0
12,63,17,6,kidneybeans,0
27,56,20,6,kidneybeans,0
7,63,24,6,kidneybeans,0
24,67,22,6,kidneybeans,0
11,71,24,6,kidneybeans,0
37,74,15,6,kidneybeans,0
25,76,24,6,kidneybeans,0
34,66,17,6,kidneybeans,0
20,69,15,6,kidneybeans,0
37,65,16,6,kidneybeans,0
18,74,15,6,kidneybeans,0
4,67,25,6,kidneybeans,0
37,56,25,6,kidneybeans,0
5,59,15,6,kidneybeans,0
11,61,21,6,kidneybeans,0
22,80,20,6,kidneybeans,0
12,61,19,6,kidneybeans,0
5,74,21,6,kidneybeans,0
27,69,22,6,kidneybeans,0
31,75,18,6,kidneybeans,0
36,68,20,6,kidneybeans,0
5,65,16,6,kidneybeans,0
32,79,15,6,kidneybeans,0
11,78,22,6,kidneybeans,0
0,55,22,6,kidneybeans,0
14,59,15,6,kidneybeans,0
29,68,23,6,kidneybeans,0
32,68,19,6,kidneybeans,0
17,64,17,6,kidneybeans,0
13,69,19,6,kidneybeans,0
14,67,22,6,kidneybeans,0
9,69,20,6,kidneybeans,0
20,73,22,6,kidneybeans,0
40,78,20,6,kidneybeans,0
27,72,23,6,kidneybeans,0
14,67,15,6,kidneybeans,0
7,56,18,6,kidneybeans,0
27,65,18,6,kidneybeans,0
30,63,16,6,kidneybeans,0
37,70,25,6,kidneybeans,0
27,63,19,6,kidneybeans,0
22,60,24,6,kidneybeans,0
3,72,24,6,pigeonpeas,0
40,59,23,5,pigeonpeas,0
33,73,23,6,pigeonpeas,0
27,57,24,6,pigeonpeas,0
10,79,18,6,pigeonpeas,0
30,75,25,6,pigeonpeas,0
40,70,20,6,pigeonpeas,0
38,55,19,6,pigeonpeas,0
35,58,20,6,pigeonpeas,0
38,61,21,5,pigeonpeas,0
33,58,24,5,pigeonpeas,0
16,56,17,7,pigeonpeas,0
31,72,17,6,pigeonpeas,0
16,80,20,7,pigeonpeas,0
27,72,17,6,pigeonpeas,0
40,62,19,5,pigeonpeas,0
18,58,16,5,pigeonpeas,0
3,68,16,5,pigeonpeas,0
26,67,24,6,pigeonpeas,0
16,70,20,6,pigeonpeas,0
24,63,19,5,pigeonpeas,0
9,76,25,6,pigeonpeas,0
16,55,19,6,pigeonpeas,0
28,75,21,6,pigeonpeas,0
16,71,24,5,pigeonpeas,0
24,70,21,6,pigeonpeas,0
38,72,21,6,pigeonpeas,0
9,66,21,6,pigeonpeas,0
34,56,17,5,pigeonpeas,0
1,76,19,7,pigeonpeas,0
6,69,19,5,pigeonpeas,0
26,73,21,5,pigeonpeas,0
27,61,18,5,pigeonpeas,0
27,71,23,7,pigeonpeas,0
36,61,21,6,pigeonpeas,0
17,73,18,6,pigeonpeas,0
26,72,22,5,pigeonpeas,0
17,64,16,7,pigeonpeas,0
14,74,19,7,pigeonpeas,0
39,60,15,5,pigeonpeas,0
6,66,15,6,pigeonpeas,0
8,59,18,6,pigeonpeas,0
2,67,18,6,pigeonpeas,0
1,76,17,6,pigeonpeas,0
16,73,19,5,pigeonpeas,0
23,75,25,7,pigeonpeas,0
32,70,20,6,pigeonpeas,0
28,59,22,7,pigeonpeas,0
5,62,23,5,pigeonpeas,0
36,67,25,6,pigeonpeas,0
1,66,23,5,pigeonpeas,0
24,73,20,5,pigeonpeas,0
17,67,18,6,pigeonpeas,0
5,55,18,7,pigeonpeas,0
5,56,24,5,pigeonpeas,0
37,77,17,6,pigeonpeas,0
13,73,20,5,pigeonpeas,0
6,63,23,6,pigeonpeas,0
16,77,22,7,pigeonpeas,0
25,64,20,5,pigeonpeas,0
34,75,24,5,pigeonpeas,0
20,77,23,5,pigeonpeas,0
35,80,25,5,pigeonpeas,0
14,75,24,6,pigeonpeas,0
36,80,21,7,pigeonpeas,0
7,77,18,7,pigeonpeas,0
29,78,25,6,pigeonpeas,0
30,60,21,5,pigeonpeas,0
20,74,16,5,pigeonpeas,0
19,57,23,7,pigeonpeas,0
3,60,19,5,pigeonpeas,0
5,77,19,6,pigeonpeas,0
5,68,20,5,pigeonpeas,0
37,73,21,6,pigeonpeas,0
9,59,24,5,pigeonpeas,0
20,72,15,7,pigeonpeas,0
31,56,23,6,pigeonpeas,0
0,70,21,5,pigeonpeas,0
21,74,15,6,pigeonpeas,0
13,67,18,5,pigeonpeas,0
27,74,20,6,pigeonpeas,0
29,72,24,7,pigeonpeas,0
5,68,20,6,pigeonpeas,0
39,57,19,6,pigeonpeas,0
22,62,16,5,pigeonpeas,0
18,55,23,7,pigeonpeas,0
39,77,21,5,pigeonpeas,0
13,75,20,7,pigeonpeas,0
27,71,24,7,pigeonpeas,0
26,64,22,5,pigeonpeas,0
23,55,16,5,pigeonpeas,0
4,69,19,5,pigeonpeas,0
20,67,19,6,pigeonpeas,0
7,74,17,6,pigeonpeas,0
17,64,18,6,pigeonpeas,0
35,71,17,7,pigeonpeas,0
11,72,22,7,pigeonpeas,0
20,60,22,7,pigeonpeas,0
10,71,18,6,pigeonpeas,0
33,61,24,5,pigeonpeas,0
3,49,18,4,mothbeans,0
22,59,23,4,mothbeans,0
36,58,25,8,mothbeans,0
4,43,18,9,mothbeans,0
29,54,16,8,mothbeans,0
32,43,22,5,mothbeans,0
14,55,15,8,mothbeans,0
5,35,20,10,mothbeans,0
25,57,24,7,mothbeans,0
11,53,24,7,mothbeans,0
40,49,17,7,mothbeans,0
38,56,25,8,mothbeans,0
27,43,23,6,mothbeans,0
24,38,22,8,mothbeans,0
23,45,21,9,mothbeans,0
29,57,20,6,mothbeans,0
31,35,23,8,mothbeans,0
0,55,25,5,mothbeans,0
7,45,22,10,mothbeans,0
17,58,25,6,mothbeans,0
11,44,17,8,mothbeans,0
22,49,22,4,mothbeans,0
9,51,19,5,mothbeans,0
28,48,15,9,mothbeans,0
26,50,19,6,mothbeans,0
36,56,20,7,mothbeans,0
8,60,18,4,mothbeans,0
24,37,21,6,mothbeans,0
22,43,24,5,mothbeans,0
36,43,24,4,mothbeans,0
22,44,24,6,mothbeans,0
17,43,22,5,mothbeans,0
8,45,15,5,mothbeans,0
7,56,23,6,mothbeans,0
36,57,16,8,mothbeans,0
11,45,19,4,mothbeans,0
6,36,22,9,mothbeans,0
17,57,20,4,mothbeans,0
4,47,20,4,mothbeans,0
9,49,16,8,mothbeans,0
25,51,24,9,mothbeans,0
36,44,21,5,mothbeans,0
21,38,20,6,mothbeans,0
37,57,20,7,mothbeans,0
32,48,18,6,mothbeans,0
29,44,20,9,mothbeans,0
25,51,18,9,mothbeans,0
10,44,24,8,mothbeans,0
23,35,18,5,mothbeans,0
9,60,23,6,mothbeans,0
3,58,21,9,mothbeans,0
22,42,22,8,mothbeans,0
12,39,21,8,mothbeans,0
39,36,22,9,mothbeans,0
32,41,16,8,mothbeans,0
30,41,15,6,mothbeans,0
19,36,22,6,mothbeans,0
4,46,15,4,mothbeans,0
21,39,20,7,mothbeans,0
35,57,25,8,mothbeans,0
22,55,24,9,mothbeans,0
35,51,17,4,mothbeans,0
17,56,17,6,mothbeans,0
28,57,17,9,mothbeans,0
22,36,16,8,mothbeans,0
11,41,19,5,mothbeans,0
38,38,18,6,mothbeans,0
23,37,24,8,mothbeans,0
25,35,20,9,mothbeans,0
40,45,20,7,mothbeans,0
23,58,19,5,mothbeans,0
2,56,23,8,mothbeans,0
3,56,17,9,mothbeans,0
26,51,25,8,mothbeans,0
39,42,20,8,mothbeans,0
27,59,20,4,mothbeans,0
24,45,19,6,mothbeans,0
7,40,17,9,mothbeans,0
15,45,23,7,mothbeans,0
26,52,23,5,mothbeans,0
20,45,16,5,mothbeans,0
34,54,24,5,mothbeans,0
19,51,25,4,mothbeans,0
29,41,21,9,mothbeans,0
20,50,22,9,mothbeans,0
11,40,23,6,mothbeans,0
15,54,15,8,mothbeans,0
35,55,22,9,mothbeans,0
9,59,25,8,mothbeans,0
40,45,18,5,mothbeans,0
35,38,19,9,mothbeans,0
14,58,17,5,mothbeans,0
40,55,18,7,mothbeans,0
18,36,23,7,mothbeans,0
35,52,15,10,mothbeans,0
4,59,22,9,mothbeans,0
22,51,16,9,mothbeans,0
33,47,17,9,mothbeans,0
2,51,17,6,mothbeans,0
16,51,21,4,mothbeans,0
19,55,20,7,mungbean,0
8,54,20,7,mungbean,0
36,55,20,7,mungbean,0
10,56,16,7,mungbean,0
22,56,17,7,mungbean,0
9,57,24,7,mungbean,0
34,59,23,7,mungbean,0
31,51,25,7,mungbean,0
0,49,18,7,mungbean,0
21,39,20,7,mungbean,0
28,35,22,7,mungbean,0
17,52,17,6,mungbean,0
24,42,23,6,mungbean,0
28,46,16,7,mungbean,0
21,38,21,7,mungbean,0
34,60,25,7,mungbean,0
19,53,22,7,mungbean,0
31,58,15,7,mungbean,0
19,35,24,7,mungbean,0
24,53,17,6,mungbean,0
13,47,20,7,mungbean,0
31,53,16,6,mungbean,0
28,45,23,6,mungbean,0
31,37,21,7,mungbean,0
33,60,15,7,mungbean,0
34,45,21,6,mungbean,0
13,57,25,7,mungbean,0
33,57,17,7,mungbean,0
32,57,22,7,mungbean,0
23,59,25,6,mungbean,0
35,41,18,7,mungbean,0
6,48,24,7,mungbean,0
29,36,25,7,mungbean,0
4,36,22,7,mungbean,0
10,59,22,7,mungbean,0
14,48,21,7,mungbean,0
8,50,21,6,mungbean,0
20,40,15,7,mungbean,0
36,43,22,6,mungbean,0
14,57,15,7,mungbean,0
11,60,23,7,mungbean,0
10,59,15,6,mungbean,0
7,60,25,6,mungbean,0
2,47,15,6,mungbean,0
20,45,22,7,mungbean,0
2,39,15,6,mungbean,0
27,40,24,7,mungbean,0
35,48,15,7,mungbean,0
4,59,25,6,mungbean,0
1,48,24,6,mungbean,0
36,43,21,7,mungbean,0
11,46,24,6,mungbean,0
34,47,19,7,mungbean,0
21,44,18,7,mungbean,0
17,58,20,6,mungbean,0
25,40,21,6,mungbean,0
2,38,18,7,mungbean,0
9,48,20,6,mungbean,0
37,49,25,6,mungbean,0
36,38,15,6,mungbean,0
40,58,15,7,mungbean,0
30,44,16,6,mungbean,0
1,59,23,7,mungbean,0
9,48,22,6,mungbean,0
14,41,17,7,mungbean,0
35,52,19,7,mungbean,0
31,48,17,7,mungbean,0
4,41,20,7,mungbean,0
30,37,25,7,mungbean,0
9,35,20,7,mungbean,0
20,41,20,7,mungbean,0
37,50,23,7,mungbean,0
34,35,21,7,mungbean,0
14,37,15,7,mungbean,0
23,39,22,7,mungbean,0
5,45,21,6,mungbean,0
22,37,20,7,mungbean,0
40,51,17,7,mungbean,0
27,56,20,6,mungbean,0
31,40,22,6,mungbean,0
38,36,21,7,mungbean,0
6,37,17,7,mungbean,0
6,47,18,7,mungbean,0
24,44,17,7,mungbean,0
25,59,19,7,mungbean,0
32,56,21,7,mungbean,0
8,45,18,7,mungbean,0
19,39,17,7,mungbean,0
39,37,15,7,mungbean,0
33,37,19,7,mungbean,0
26,54,17,6,mungbean,0
21,51,15,7,mungbean,0
22,54,20,7,mungbean,0
29,45,16,7,mungbean,0
4,40,21,7,mungbean,0
10,37,22,7,mungbean,0
4,44,19,7,mungbean,0
20,45,17,7,mungbean,0
23,45,23,7,mungbean,0
25,48,21,6,mungbean,0
56,79,15,7,blackgram,0
25,62,21,7,blackgram,0
42,61,22,7,blackgram,0
42,73,25,7,blackgram,0
44,58,18,7,blackgram,0
50,55,16,8,blackgram,0
35,72,21,8,blackgram,0
30,64,20,7,blackgram,0
27,64,21,8,blackgram,0
50,74,17,7,blackgram,0
39,73,24,7,blackgram,0
57,67,25,8,blackgram,0
52,63,19,7,blackgram,0
55,66,22,8,blackgram,0
51,56,18,7,blackgram,0
36,66,15,7,blackgram,0
59,55,19,7,blackgram,0
50,58,23,8,blackgram,0
30,65,25,8,blackgram,0
20,62,18,7,blackgram,0
58,71,15,7,blackgram,0
25,71,24,7,blackgram,0
52,71,16,7,blackgram,0
40,63,18,7,blackgram,0
20,60,25,7,blackgram,0
48,61,21,7,blackgram,0
49,68,22,7,blackgram,0
48,62,15,8,blackgram,0
32,66,17,7,blackgram,0
21,63,22,7,blackgram,0
20,72,19,7,blackgram,0
25,65,21,7,blackgram,0
41,78,21,7,blackgram,0
53,67,17,7,blackgram,0
39,60,21,7,blackgram,0
25,76,17,7,blackgram,0
21,78,19,7,blackgram,0
57,60,17,8,blackgram,0
56,75,15,7,blackgram,0
49,72,15,7,blackgram,0
24,80,19,7,blackgram,0
49,76,18,7,blackgram,0
28,68,19,8,blackgram,0
55,78,21,7,blackgram,0
50,64,25,7,blackgram,0
34,80,19,7,blackgram,0
20,68,23,8,blackgram,0
55,67,16,7,blackgram,0
23,70,15,7,blackgram,0
53,74,15,8,blackgram,0
26,67,16,7,blackgram,0
33,80,22,7,blackgram,0
37,79,19,7,blackgram,0
33,75,21,7,blackgram,0
22,55,20,7,blackgram,0
20,68,17,7,blackgram,0
43,68,20,7,blackgram,0
44,76,22,8,blackgram,0
34,60,16,7,blackgram,0
21,72,17,8,blackgram,0
25,68,19,7,blackgram,0
41,62,15,7,blackgram,0
28,65,23,7,blackgram,0
35,64,15,7,blackgram,0
52,58,16,7,blackgram,0
58,75,25,7,blackgram,0
34,66,19,8,blackgram,0
52,70,16,8,blackgram,0
23,57,19,7,blackgram,0
42,58,25,7,blackgram,0
37,62,17,7,blackgram,0
44,75,22,8,blackgram,0
21,80,20,7,blackgram,0
56,76,16,8,blackgram,0
29,76,15,7,blackgram,0
43,61,20,7,blackgram,0
55,60,15,7,blackgram,0
44,63,15,7,blackgram,0
29,67,21,7,blackgram,0
47,63,16,7,blackgram,0
40,68,17,8,blackgram,0
58,61,15,7,blackgram,0
41,74,18,7,blackgram,0
58,79,17,7,blackgram,0
27,62,24,7,blackgram,0
27,60,17,7,blackgram,0
52,65,20,7,blackgram,0
44,55,25,7,blackgram,0
21,62,24,7,blackgram,0
60,59,22,7,blackgram,0
33,77,21,7,blackgram,0
59,58,17,7,blackgram,0
29,63,17,7,blackgram,0
59,63,18,7,blackgram,0
29,70,15,7,blackgram,0
58,73,16,7,blackgram,0
55,77,22,8,blackgram,0
42,79,23,7,blackgram,0
44,77,21,7,blackgram,0
38,62,25,7,blackgram,0
32,76,15,8,lentil,0
13,61,22,8,lentil,0
38,60,20,7,lentil,0
11,74,17,7,lentil,0
37,71,16,7,lentil,0
29,71,18,6,lentil,0
2,72,18,8,lentil,0
6,59,21,6,lentil,0
13,64,20,7,lentil,0
8,58,17,7,lentil,0
6,77,20,6,lentil,0
2,75,22,7,lentil,0
3,69,23,7,lentil,0
27,80,24,8,lentil,0
39,78,15,6,lentil,0
40,79,17,6,lentil,0
37,62,22,7,lentil,0
31,60,24,8,lentil,0
22,67,22,7,lentil,0
3,78,18,7,lentil,0
4,80,16,7,lentil,0
13,61,24,8,lentil,0
12,66,20,7,lentil,0
4,61,21,7,lentil,0
9,60,21,8,lentil,0
18,66,22,6,lentil,0
32,56,18,7,lentil,0
6,72,15,8,lentil,0
15,77,20,7,lentil,0
0,65,24,8,lentil,0
30,79,22,6,lentil,0
3,63,16,7,lentil,0
2,78,23,7,lentil,0
10,78,18,6,lentil,0
14,67,25,7,lentil,0
39,65,23,8,lentil,0
19,72,15,7,lentil,0
18,57,21,6,lentil,0
31,58,15,6,lentil,0
28,58,25,7,lentil,0
5,65,19,7,lentil,0
16,65,19,7,lentil,0
34,65,19,6,lentil,0
14,69,19,7,lentil,0
22,55,16,7,lentil,0
24,61,17,6,lentil,0
2,79,15,8,lentil,0
26,63,17,7,lentil,0
27,61,15,7,lentil,0
24,70,16,7,lentil,0
13,74,25,6,lentil,0
6,64,23,7,lentil,0
12,58,23,7,lentil,0
32,79,22,6,lentil,0
6,68,18,7,lentil,0
10,79,20,6,lentil,0
38,77,22,6,lentil,0
17,74,17,7,lentil,0
26,68,24,8,lentil,0
23,75,17,7,lentil,0
32,78,22,7,lentil,0
19,79,19,7,lentil,0
22,60,18,7,lentil,0
28,69,16,7,lentil,0
1,67,21,7,lentil,0
12,67,23,7,lentil,0
36,67,20,7,lentil,0
28,70,21,7,lentil,0
12,71,19,7,lentil,0
22,68,16,8,lentil,0
26,66,22,6,lentil,0
16,65,16,6,lentil,0
14,59,22,7,lentil,0
33,59,19,8,lentil,0
21,63,17,7,lentil,0
0,69,21,7,lentil,0
10,75,17,8,lentil,0
30,61,18,6,lentil,0
0,74,17,7,lentil,0
35,74,22,7,lentil,0
7,63,24,7,lentil,0
9,56,17,6,lentil,0
14,74,15,6,lentil,0
14,76,20,7,lentil,0
36,65,16,8,lentil,0
28,67,21,6,lentil,0
28,79,16,6,lentil,0
40,61,22,7,lentil,0
10,70,19,7,lentil,0
12,80,19,6,lentil,0
37,77,20,7,lentil,0
0,67,22,7,lentil,0
7,73,25,7,lentil,0
10,56,18,7,lentil,0
39,70,15,6,lentil,0
26,56,22,7,lentil,0
9,77,17,6,lentil,0
4,59,19,8,lentil,0
34,73,15,8,lentil,0
33,77,15,8,lentil,0
2,24,38,6,pomegranate,0
6,18,37,6,pomegranate,0
8,26,36,7,pomegranate,0
37,18,39,6,pomegranate,0
0,27,38,7,pomegranate,0
31,25,38,6,pomegranate,0
21,21,38,6,pomegranate,0
6,30,40,6,pomegranate,0
25,27,41,7,pomegranate,0
15,11,38,7,pomegranate,0
14,5,36,6,pomegranate,0
16,10,41,7,pomegranate,0
36,7,37,6,pomegranate,0
4,20,41,7,pomegranate,0
29,22,40,6,pomegranate,0
16,15,42,7,pomegranate,0
18,27,41,7,pomegranate,0
11,18,42,6,pomegranate,0
5,15,38,6,pomegranate,0
18,23,44,6,pomegranate,0
9,8,40,7,pomegranate,0
40,27,45,6,pomegranate,0
22,23,44,6,pomegranate,0
9,16,39,6,pomegranate,0
12,29,40,7,pomegranate,0
0,17,42,7,pomegranate,0
2,21,44,7,pomegranate,0
28,6,40,7,pomegranate,0
8,23,44,7,pomegranate,0
29,16,36,6,pomegranate,0
17,18,43,6,pomegranate,0
34,21,42,7,pomegranate,0
21,23,42,7,pomegranate,0
25,17,40,7,pomegranate,0
8,25,36,7,pomegranate,0
26,18,42,7,pomegranate,0
4,19,42,6,pomegranate,0
36,24,41,7,pomegranate,0
5,24,40,6,pomegranate,0
19,17,39,7,pomegranate,0
39,30,38,7,pomegranate,0
5,29,44,6,pomegranate,0
4,24,43,7,pomegranate,0
38,21,35,6,pomegranate,0
37,11,36,7,pomegranate,0
9,25,41,6,pomegranate,0
29,22,43,6,pomegranate,0
5,21,38,6,pomegranate,0
22,26,38,7,pomegranate,0
4,18,37,7,pomegranate,0
21,6,41,7,pomegranate,0
29,21,45,7,pomegranate,0
23,5,44,7,pomegranate,0
13,7,43,7,pomegranate,0
5,13,37,6,pomegranate,0
27,24,41,7,pomegranate,0
7,23,35,7,pomegranate,0
12,20,39,6,pomegranate,0
4,19,43,6,pomegranate,0
3,9,45,7,pomegranate,0
1,27,36,6,pomegranate,0
23,30,44,6,pomegranate,0
24,21,42,7,pomegranate,0
13,30,37,6,pomegranate,0
40,11,44,6,pomegranate,0
21,9,40,6,pomegranate,0
3,27,44,7,pomegranate,0
40,29,42,7,pomegranate,0
14,25,40,6,pomegranate,0
38,14,37,7,pomegranate,0
34,9,36,6,pomegranate,0
32,14,37,7,pomegranate,0
18,21,35,6,pomegranate,0
8,23,38,7,pomegranate,0
15,6,41,7,pomegranate,0
0,5,36,6,pomegranate,0
22,9,44,6,pomegranate,0
14,8,43,7,pomegranate,0
31,11,45,6,pomegranate,0
39,17,45,7,pomegranate,0
10,5,42,7,pomegranate,0
8,28,38,7,pomegranate,0
32,13,42,6,pomegranate,0
18,9,40,6,pomegranate,0
20,27,41,6,pomegranate,0
39,25,36,6,pomegranate,0
20,7,45,6,pomegranate,0
11,10,45,6,pomegranate,0
40,18,43,6,pomegranate,0
3,26,39,7,pomegranate,0
9,16,36,6,pomegranate,0
30,20,38,7,pomegranate,0
40,9,41,6,pomegranate,0
40,30,35,6,pomegranate,0
32,25,35,6,pomegranate,0
33,23,45,7,pomegranate,0
4,14,41,6,pomegranate,0
13,17,45,7,pomegranate,0
39,24,39,6,pomegranate,0
8,28,37,6,pomegranate,0
91,94,46,6,banana,0
105,95,50,6,banana,0
108,92,53,6,banana,0
86,76,54,6,banana,0
80,77,49,6,banana,0
93,94,53,6,banana,0
90,92,55,6,banana,0
108,89,53,6,banana,0
108,88,55,6,banana,0
105,77,52,6,banana,0
118,88,52,6,banana,0
101,87,54,6,banana,0
95,75,50,6,banana,0
106,85,53,6,banana,0
86,95,49,6,banana,0
83,79,55,6,banana,0
85,95,47,6,banana,0
109,79,45,6,banana,0
100,76,45,6,banana,0
117,86,48,6,banana,0
114,94,53,6,banana,0
110,78,50,6,banana,0
94,70,48,6,banana,0
80,71,47,6,banana,0
114,79,51,6,banana,0
88,78,45,6,banana,0
112,73,48,6,banana,0
117,76,47,6,banana,0
111,87,48,6,banana,0
89,83,47,6,banana,0
93,91,47,6,banana,0
92,81,52,6,banana,0
105,74,45,6,banana,0
102,71,48,6,banana,0
94,91,51,6,banana,0
116,71,47,6,banana,0
117,79,49,6,banana,0
119,72,55,6,banana,0
99,73,53,6,banana,0
91,84,52,6,banana,0
80,90,47,6,banana,0
101,70,48,6,banana,0
108,89,53,6,banana,0
100,80,52,6,banana,0
109,91,53,6,banana,0
82,78,46,6,banana,0
106,70,55,6,banana,0
90,86,52,6,banana,0
83,95,50,6,banana,0
119,90,48,6,banana,0
107,72,45,6,banana,0
116,81,55,6,banana,0
101,75,50,6,banana,0
93,81,50,6,banana,0
95,75,45,6,banana,0
107,71,55,6,banana,0
83,94,47,6,banana,0
102,73,54,6,banana,0
86,79,45,6,banana,0
117,86,53,6,banana,0
111,79,53,6,banana,0
95,74,50,6,banana,0
91,75,55,6,banana,0
93,83,46,6,banana,0
92,85,51,6,banana,0
104,80,54,6,banana,0
103,72,51,6,banana,0
92,75,45,6,banana,0
93,85,49,6,banana,0
120,87,52,6,banana,0
108,72,46,6,banana,0
105,88,54,6,banana,0
98,79,50,6,banana,0
111,88,55,6,banana,0
97,74,45,6,banana,0
95,82,48,6,banana,0
89,91,55,6,banana,0
89,85,55,6,banana,0
118,88,51,6,banana,0
101,92,45,6,banana,0
99,92,47,6,banana,0
82,77,46,6,banana,0
90,86,55,6,banana,0
95,88,52,6,banana,0
104,73,46,6,banana,0
102,73,52,6,banana,0
100,74,52,6,banana,0
94,89,48,6,banana,0
99,70,46,6,banana,0
112,87,48,6,banana,0
117,82,45,6,banana,0
96,86,51,6,banana,0
113,85,45,6,banana,0
105,93,46,6,banana,0
85,89,51,6,banana,0
108,94,47,6,banana,0
92,81,52,6,banana,0
110,71,54,6,banana,0
82,75,55,6,banana,0
117,81,53,6,banana,0
2,40,27,6,mango,0
39,24,31,5,mango,0
21,26,27,6,mango,0
25,22,25,6,mango,0
0,21,32,6,mango,0
20,19,35,6,mango,0
19,21,34,5,mango,0
18,17,31,6,mango,0
11,36,33,6,mango,0
30,28,30,5,mango,0
18,19,27,5,mango,0
23,23,27,5,mango,0
37,30,34,7,mango,0
11,27,30,6,mango,0
12,19,31,6,mango,0
3,28,33,6,mango,0
37,38,32,5,mango,0
26,37,30,6,mango,0
14,18,30,5,mango,0
40,16,35,5,mango,0
4,20,25,6,mango,0
36,25,33,6,mango,0
30,17,31,7,mango,0
28,37,28,6,mango,0
38,15,30,5,mango,0
12,37,30,5,mango,0
38,19,31,6,mango,0
8,33,29,6,mango,0
15,27,28,5,mango,0
34,16,25,6,mango,0
11,36,31,6,mango,0
33,29,34,7,mango,0
12,31,26,5,mango,0
12,34,28,6,mango,0
5,16,31,5,mango,0
1,30,29,6,mango,0
16,35,31,5,mango,0
35,18,26,5,mango,0
4,40,26,7,mango,0
9,29,34,6,mango,0
2,38,33,5,mango,0
26,32,32,7,mango,0
34,38,31,6,mango,0
5,32,33,6,mango,0
31,29,26,5,mango,0
34,34,35,6,mango,0
36,19,32,5,mango,0
7,17,26,6,mango,0
38,15,27,7,mango,0
5,19,25,6,mango,0
37,36,26,5,mango,0
21,31,32,5,mango,0
37,36,27,6,mango,0
23,23,30,5,mango,0
36,26,26,7,mango,0
24,33,35,5,mango,0
26,18,30,6,mango,0
22,17,26,5,mango,0
11,34,32,7,mango,0
29,35,28,7,mango,0
22,28,26,5,mango,0
23,24,32,6,mango,0
1,35,34,6,mango,0
2,24,34,6,mango,0
39,37,25,7,mango,0
15,36,27,6,mango,0
3,18,31,6,mango,0
8,38,32,5,mango,0
33,31,34,5,mango,0
14,29,32,7,mango,0
18,20,26,5,mango,0
9,21,32,6,mango,0
20,30,27,5,mango,0
9,38,25,5,mango,0
26,24,34,7,mango,0
31,36,29,6,mango,0
14,18,35,5,mango,0
40,16,35,6,mango,0
28,27,34,7,mango,0
0,17,30,6,mango,0
1,29,29,6,mango,0
2,36,31,6,mango,0
12,27,26,5,mango,0
7,28,35,5,mango,0
0,36,26,5,mango,0
26,35,31,5,mango,0
27,21,30,5,mango,0
22,38,31,6,mango,0
22,18,31,6,mango,0
28,23,28,6,mango,0
7,31,27,7,mango,0
29,34,26,6,mango,0
8,37,33,6,mango,0
39,16,27,5,mango,0
40,24,25,5,mango,0
19,38,26,5,mango,0
21,21,30,5,mango,0
22,18,33,7,mango,0
31,20,30,6,mango,0
18,26,31,5,mango,0
24,130,195,6,grapes,0
13,144,204,6,grapes,0
22,123,205,6,grapes,0
36,125,196,6,grapes,0
24,131,196,6,grapes,0
2,123,198,6,grapes,0
35,140,197,6,grapes,0
11,122,195,6,grapes,0
6,123,203,6,grapes,0
17,134,204,6,grapes,0
25,130,197,6,grapes,0
27,145,205,6,grapes,0
9,122,201,6,grapes,0
16,139,203,6,grapes,0
32,141,204,6,grapes,0
22,138,195,6,grapes,0
31,144,202,6,grapes,0
3,136,205,6,grapes,0
28,122,197,6,grapes,0
4,136,204,6,grapes,0
39,145,201,6,grapes,0
38,132,197,6,grapes,0
36,133,198,6,grapes,0
25,121,201,6,grapes,0
15,125,199,6,grapes,0
24,140,205,6,grapes,0
13,132,203,6,grapes,0
5,126,197,6,grapes,0
30,120,200,6,grapes,0
23,142,197,6,grapes,0
26,135,203,6,grapes,0
7,126,203,6,grapes,0
32,139,198,6,grapes,0
9,141,202,6,grapes,0
20,142,196,6,grapes,0
32,129,201,6,grapes,0
3,134,199,6,grapes,0
38,138,204,6,grapes,0
14,131,198,6,grapes,0
20,122,204,6,grapes,0
40,126,201,6,grapes,0
36,128,204,6,grapes,0
11,132,197,6,grapes,0
0,137,195,6,grapes,0
19,123,200,6,grapes,0
31,136,197,6,grapes,0
4,134,200,6,grapes,0
39,139,201,6,grapes,0
8,127,196,6,grapes,0
39,138,203,6,grapes,0
32,120,204,6,grapes,0
12,142,203,6,grapes,0
8,133,195,6,grapes,0
8,139,199,6,grapes,0
21,134,202,6,grapes,0
40,140,195,6,grapes,0
39,127,202,6,grapes,0
19,120,195,6,grapes,0
21,139,201,6,grapes,0
17,136,195,6,grapes,0
33,139,203,6,grapes,0
22,133,201,6,grapes,0
32,130,196,6,grapes,0
37,135,205,6,grapes,0
15,140,195,6,grapes,0
39,132,196,6,grapes,0
40,121,199,6,grapes,0
40,132,202,6,grapes,0
29,142,203,6,grapes,0
32,121,199,6,grapes,0
6,140,205,6,grapes,0
8,120,196,6,grapes,0
34,133,202,6,grapes,0
35,135,199,6,grapes,0
16,145,199,6,grapes,0
8,136,201,6,grapes,0
25,129,195,6,grapes,0
16,130,201,6,grapes,0
39,129,203,6,grapes,0
38,135,203,6,grapes,0
33,120,205,6,grapes,0
35,125,204,6,grapes,0
1,132,200,6,grapes,0
39,140,203,6,grapes,0
28,145,202,6,grapes,0
6,128,200,6,grapes,0
6,139,199,6,grapes,0
29,122,196,6,grapes,0
37,144,197,6,grapes,0
38,120,197,6,grapes,0
38,141,198,6,grapes,0
14,121,203,6,grapes,0
6,125,204,6,grapes,0
32,138,197,6,grapes,0
11,124,204,6,grapes,0
23,138,200,6,grapes,0
40,143,201,6,grapes,0
6,142,202,6,grapes,0
37,124,195,6,grapes,0
35,134,204,6,grapes,0
119,25,51,6,watermelon,0
119,19,55,7,watermelon,0
105,30,50,6,watermelon,0
114,8,50,7,watermelon,0
93,22,52,7,watermelon,0
80,26,55,6,watermelon,0
85,27,45,6,watermelon,0
85,22,53,7,watermelon,0
82,22,45,7,watermelon,0
118,13,54,6,watermelon,0
83,25,53,6,watermelon,0
86,15,47,6,watermelon,0
101,10,47,7,watermelon,0
119,9,50,6,watermelon,0
104,17,46,6,watermelon,0
95,12,51,7,watermelon,0
102,14,52,7,watermelon,0
109,21,55,7,watermelon,0
81,18,50,6,watermelon,0
103,17,51,6,watermelon,0
105,14,50,6,watermelon,0
97,8,52,6,watermelon,0
120,19,49,7,watermelon,0
95,16,55,7,watermelon,0
83,29,52,7,watermelon,0
83,9,45,6,watermelon,0
91,21,50,7,watermelon,0
116,5,54,7,watermelon,0
112,28,54,7,watermelon,0
88,29,51,6,watermelon,0
118,15,45,7,watermelon,0
92,21,48,6,watermelon,0
106,14,45,6,watermelon,0
99,5,47,7,watermelon,0
98,8,51,6,watermelon,0
108,22,46,6,watermelon,0
119,7,55,6,watermelon,0
117,27,48,7,watermelon,0
109,10,53,7,watermelon,0
80,16,46,7,watermelon,0
100,18,52,7,watermelon,0
91,7,53,6,watermelon,0
86,6,53,7,watermelon,0
107,5,52,7,watermelon,0
103,16,49,7,watermelon,0
101,20,48,6,watermelon,0
85,25,47,6,watermelon,0
84,7,51,6,watermelon,0
102,28,54,7,watermelon,0
98,25,52,6,watermelon,0
97,25,50,6,watermelon,0
90,16,45,6,watermelon,0
95,12,46,6,watermelon,0
82,23,49,7,watermelon,0
82,25,51,6,watermelon,0
110,28,46,6,watermelon,0
118,21,51,7,watermelon,0
120,20,45,6,watermelon,0
91,7,52,6,watermelon,0
81,6,55,6,watermelon,0
101,13,54,7,watermelon,0
101,17,55,6,watermelon,0
111,6,53,6,watermelon,0
107,10,49,7,watermelon,0
115,11,46,7,watermelon,0
84,25,52,6,watermelon,0
120,7,47,7,watermelon,0
91,12,46,6,watermelon,0
89,22,52,6,watermelon,0
113,19,46,6,watermelon,0
97,22,50,7,watermelon,0
117,30,50,7,watermelon,0
90,14,52,6,watermelon,0
104,23,47,7,watermelon,0
81,16,45,7,watermelon,0
88,5,47,7,watermelon,0
92,7,45,7,watermelon,0
81,18,50,7,watermelon,0
111,5,55,7,watermelon,0
108,23,51,6,watermelon,0
113,30,50,6,watermelon,0
83,10,53,6,watermelon,0
101,11,51,7,watermelon,0
114,21,55,6,watermelon,0
99,6,45,6,watermelon,0
92,20,55,7,watermelon,0
92,7,48,7,watermelon,0
91,24,55,6,watermelon,0
110,21,54,7,watermelon,0
112,25,51,7,watermelon,0
89,25,54,6,watermelon,0
100,10,53,6,watermelon,0
83,22,54,6,watermelon,0
95,14,50,7,watermelon,0
119,30,49,7,watermelon,0
97,12,47,7,watermelon,0
110,7,45,6,watermelon,0
96,18,50,7,watermelon,0
83,23,55,6,watermelon,0
120,24,47,6,watermelon,0
115,17,55,7,muskmelon,0
114,27,48,7,muskmelon,0
101,25,52,7,muskmelon,0
118,18,52,7,muskmelon,0
95,26,45,6,muskmelon,0
81,25,49,6,muskmelon,0
117,24,53,6,muskmelon,0
114,30,51,6,muskmelon,0
113,6,52,7,muskmelon,0
108,26,52,6,muskmelon,0
81,30,48,6,muskmelon,0
115,9,52,6,muskmelon,0
83,7,45,7,muskmelon,0
84,21,55,6,muskmelon,0
109,26,45,6,muskmelon,0
95,27,55,6,muskmelon,0
119,5,55,6,muskmelon,0
110,14,51,6,muskmelon,0
82,18,48,6,muskmelon,0
87,14,48,7,muskmelon,0
85,9,53,6,muskmelon,0
100,6,53,6,muskmelon,0
107,12,46,7,muskmelon,0
91,13,47,6,muskmelon,0
102,25,50,6,muskmelon,0
117,25,53,6,muskmelon,0
85,21,52,6,muskmelon,0
104,25,55,6,muskmelon,0
102,24,54,7,muskmelon,0
116,25,50,6,muskmelon,0
100,17,48,6,muskmelon,0
110,25,54,6,muskmelon,0
104,25,51,6,muskmelon,0
107,11,54,6,muskmelon,0
98,26,52,6,muskmelon,0
88,17,52,7,muskmelon,0
87,25,46,6,muskmelon,0
120,8,46,7,muskmelon,0
95,13,46,6,muskmelon,0
108,22,47,6,muskmelon,0
82,13,52,6,muskmelon,0
120,23,55,7,muskmelon,0
110,22,47,6,muskmelon,0
95,23,45,6,muskmelon,0
106,10,49,6,muskmelon,0
99,12,52,6,muskmelon,0
106,20,51,6,muskmelon,0
83,11,53,6,muskmelon,0
117,19,55,6,muskmelon,0
98,26,49,6,muskmelon,0
113,20,48,6,muskmelon,0
101,17,47,6,muskmelon,0
98,7,45,6,muskmelon,0
93,22,48,7,muskmelon,0
95,21,47,6,muskmelon,0
109,12,48,7,muskmelon,0
118,12,47,6,muskmelon,0
100,14,49,6,muskmelon,0
89,9,47,7,muskmelon,0
95,16,46,7,muskmelon,0
95,7,45,6,muskmelon,0
87,6,45,6,muskmelon,0
93,20,50,6,muskmelon,0
84,29,49,6,muskmelon,0
111,5,47,6,muskmelon,0
111,5,52,6,muskmelon,0
111,15,54,6,muskmelon,0
89,11,47,6,muskmelon,0
110,15,48,6,muskmelon,0
95,30,52,7,muskmelon,0
115,12,52,7,muskmelon,0
120,25,50,6,muskmelon,0
102,11,45,6,muskmelon,0
94,5,55,6,muskmelon,0
84,18,46,7,muskmelon,0
107,22,54,7,muskmelon,0
80,18,52,6,muskmelon,0
86,18,45,7,muskmelon,0
113,28,48,6,muskmelon,0
115,18,53,6,muskmelon,0
82,20,54,7,muskmelon,0
98,22,47,6,muskmelon,0
117,25,54,6,muskmelon,0
83,15,49,6,muskmelon,0
120,16,51,7,muskmelon,0
111,5,50,6,muskmelon,0
85,21,47,6,muskmelon,0
90,23,54,6,muskmelon,0
99,29,55,7,muskmelon,0
102,11,47,7,muskmelon,0
80,18,51,7,muskmelon,0
87,21,52,6,muskmelon,0
114,8,52,6,muskmelon,0
99,6,46,6,muskmelon,0
89,25,50,6,muskmelon,0
96,13,55,7,muskmelon,0
82,26,47,7,muskmelon,0
106,21,52,6,muskmelon,0
90,15,52,6,muskmelon,0
106,16,54,7,muskmelon,0
24,128,196,6,apple,0
7,144,197,6,apple,0
14,128,205,6,apple,0
8,120,201,6,apple,0
20,129,201,6,apple,0
32,137,204,6,apple,0
27,139,205,6,apple,0
0,123,205,6,apple,0
22,144,196,6,apple,0
1,124,199,6,apple,0
30,122,197,6,apple,0
29,121,196,6,apple,0
13,126,204,6,apple,0
9,139,199,6,apple,0
0,133,200,6,apple,0
30,143,199,6,apple,0
36,140,198,6,apple,0
37,137,199,6,apple,0
33,121,203,6,apple,0
7,144,195,6,apple,0
35,128,205,6,apple,0
29,128,198,6,apple,0
2,143,196,6,apple,0
34,140,198,6,apple,0
29,144,204,6,apple,0
32,141,203,6,apple,0
13,144,197,6,apple,0
25,143,198,6,apple,0
9,137,200,6,apple,0
6,144,198,6,apple,0
37,126,196,6,apple,0
2,120,203,6,apple,0
11,143,197,6,apple,0
10,141,201,6,apple,0
24,142,202,6,apple,0
23,138,195,6,apple,0
18,125,204,6,apple,0
13,121,196,6,apple,0
26,122,202,6,apple,0
28,123,202,6,apple,0
26,121,201,6,apple,0
21,137,196,6,apple,0
21,135,198,6,apple,0
5,144,205,6,apple,0
2,123,205,6,apple,0
15,133,199,6,apple,0
31,130,198,6,apple,0
25,143,200,6,apple,0
16,143,204,6,apple,0
19,122,202,6,apple,0
10,125,196,6,apple,0
20,139,202,6,apple,0
28,123,198,6,apple,0
28,136,200,6,apple,0
2,131,199,6,apple,0
2,140,197,6,apple,0
27,138,201,6,apple,0
30,127,204,6,apple,0
32,145,203,6,apple,0
29,139,205,6,apple,0
26,126,195,6,apple,0
40,136,202,6,apple,0
6,124,200,6,apple,0
35,138,200,6,apple,0
17,136,196,6,apple,0
33,134,205,6,apple,0
16,143,197,6,apple,0
27,120,200,6,apple,0
29,145,205,6,apple,0
3,141,197,6,apple,0
15,123,204,6,apple,0
5,136,195,6,apple,0
10,136,204,6,apple,0
7,141,195,6,apple,0
2,129,201,6,apple,0
29,138,197,6,apple,0
30,137,200,6,apple,0
29,132,204,6,apple,0
14,139,197,6,apple,0
18,125,203,6,apple,0
33,143,204,6,apple,0
40,144,196,6,apple,0
9,143,197,6,apple,0
38,135,203,6,apple,0
28,130,196,6,apple,0
35,142,203,6,apple,0
12,129,205,6,apple,0
1,135,203,6,apple,0
0,145,205,6,apple,0
31,121,201,6,apple,0
35,131,203,6,apple,0
29,140,195,6,apple,0
33,138,198,6,apple,0
14,140,197,6,apple,0
35,145,195,6,apple,0
40,120,197,6,apple,0
25,132,198,6,apple,0
31,137,196,6,apple,0
36,144,196,6,apple,0
10,140,197,6,apple,0
22,30,12,6,orange,0
37,6,13,8,orange,0
27,13,6,7,orange,0
7,16,9,8,orange,0
20,7,9,7,orange,0
26,27,10,6,orange,0
5,23,15,7,orange,0
0,18,14,7,orange,0
39,24,14,7,orange,0
13,23,6,7,orange,0
21,17,15,7,orange,0
33,12,8,7,orange,0
6,9,12,7,orange,0
19,7,10,6,orange,0
24,18,6,6,orange,0
9,11,8,7,orange,0
31,8,7,7,orange,0
22,17,5,7,orange,0
13,5,8,7,orange,0
16,8,9,8,orange,0
4,13,6,8,orange,0
0,25,14,6,orange,0
8,7,10,7,orange,0
4,23,5,7,orange,0
33,14,8,8,orange,0
30,7,15,8,orange,0
21,29,12,6,orange,0
11,14,5,7,orange,0
9,8,15,8,orange,0
5,18,14,7,orange,0
29,25,14,8,orange,0
33,12,15,6,orange,0
8,16,6,7,orange,0
15,14,8,6,orange,0
16,7,8,6,orange,0
0,12,7,7,orange,0
5,25,6,6,orange,0
6,8,11,7,orange,0
10,5,5,8,orange,0
1,17,6,7,orange,0
1,30,10,7,orange,0
0,23,15,8,orange,0
24,27,9,6,orange,0
36,11,13,7,orange,0
40,21,8,7,orange,0
40,22,6,6,orange,0
32,18,13,6,orange,0
9,10,10,6,orange,0
13,16,8,7,orange,0
15,9,11,8,orange,0
29,11,5,8,orange,0
1,15,9,8,orange,0
18,5,11,6,orange,0
14,22,9,7,orange,0
33,15,7,8,orange,0
4,6,7,7,orange,0
17,16,14,7,orange,0
12,20,10,7,orange,0
34,29,8,6,orange,0
39,28,10,7,orange,0
31,25,12,7,orange,0
12,6,8,6,orange,0
12,29,13,8,orange,0
26,11,11,8,orange,0
19,24,15,7,orange,0
39,21,9,6,orange,0
16,29,13,6,orange,0
36,29,13,8,orange,0
37,23,12,6,orange,0
39,9,15,8,orange,0
31,5,14,7,orange,0
18,12,8,6,orange,0
20,20,10,7,orange,0
5,8,5,7,orange,0
20,8,12,7,orange,0
25,21,11,6,orange,0
14,19,14,7,orange,0
37,18,12,7,orange,0
26,15,6,7,orange,0
13,22,5,8,orange,0
32,25,9,8,orange,0
19,7,9,7,orange,0
28,7,9,7,orange,0
24,30,11,7,orange,0
7,17,10,6,orange,0
18,23,8,6,orange,0
7,20,12,6,orange,0
20,23,11,6,orange,0
18,14,11,7,orange,0
34,11,10,7,orange,0
20,29,10,7,orange,0
37,24,13,8,orange,0
12,8,10,8,orange,0
34,10,14,7,orange,0
6,13,9,8,orange,0
27,30,5,8,orange,0
13,8,12,7,orange,0
6,7,7,7,orange,0
40,17,15,8,orange,0
31,26,9,8,orange,0
61,68,50,7,papaya,0
58,46,45,7,papaya,0
45,47,55,7,papaya,0
39,65,53,7,papaya,0
31,68,45,7,papaya,0
70,68,45,7,papaya,0
68,62,50,7,papaya,0
34,65,47,7,papaya,0
38,68,54,7,papaya,0
69,64,47,7,papaya,0
58,51,47,7,papaya,0
59,47,53,7,papaya,0
44,64,54,7,papaya,0
56,57,48,7,papaya,0
69,60,54,7,papaya,0
56,58,49,7,papaya,0
49,55,53,7,papaya,0
38,51,52,7,papaya,0
54,65,47,7,papaya,0
57,57,51,7,papaya,0
39,52,53,7,papaya,0
58,67,45,7,papaya,0
61,64,52,7,papaya,0
34,62,55,7,papaya,0
31,48,45,7,papaya,0
47,46,52,7,papaya,0
32,68,52,7,papaya,0
36,59,46,7,papaya,0
61,51,51,7,papaya,0
70,54,46,7,papaya,0
44,56,49,7,papaya,0
34,68,51,7,papaya,0
50,59,47,7,papaya,0
39,70,52,7,papaya,0
34,61,49,7,papaya,0
44,60,55,7,papaya,0
31,62,52,7,papaya,0
65,62,51,7,papaya,0
44,57,53,7,papaya,0
50,47,48,7,papaya,0
43,50,48,7,papaya,0
60,46,53,7,papaya,0
70,68,55,7,papaya,0
59,62,52,7,papaya,0
60,58,51,7,papaya,0
42,60,47,7,papaya,0
35,66,47,7,papaya,0
34,65,48,7,papaya,0
36,54,46,7,papaya,0
39,64,52,7,papaya,0
37,52,47,7,papaya,0
33,47,46,7,papaya,0
34,48,48,7,papaya,0
49,54,50,7,papaya,0
40,65,49,7,papaya,0
68,52,49,7,papaya,0
50,46,52,7,papaya,0
65,63,50,7,papaya,0
40,49,47,7,papaya,0
42,53,48,7,papaya,0
49,55,51,7,papaya,0
59,62,49,7,papaya,0
63,58,47,7,papaya,0
70,65,52,7,papaya,0
63,50,52,7,papaya,0
40,64,47,7,papaya,0
63,58,50,7,papaya,0
45,58,49,7,papaya,0
66,69,47,7,papaya,0
54,67,52,7,papaya,0
69,67,52,7,papaya,0
67,68,49,7,papaya,0
45,57,47,7,papaya,0
56,50,52,7,papaya,0
70,50,53,7,papaya,0
44,47,45,7,papaya,0
50,60,47,7,papaya,0
52,51,53,7,papaya,0
35,68,45,7,papaya,0
68,69,52,7,papaya,0
32,55,52,7,papaya,0
32,55,51,7,papaya,0
48,62,47,7,papaya,0
39,69,53,7,papaya,0
49,61,45,7,papaya,0
48,57,54,7,papaya,0
69,66,49,7,papaya,0
53,55,55,7,papaya,0
38,61,52,7,papaya,0
57,64,55,7,papaya,0
51,57,55,7,papaya,0
56,65,45,7,papaya,0
54,66,52,7,papaya,0
58,55,47,7,papaya,0
68,70,54,7,papaya,0
42,59,55,7,papaya,0
43,64,47,7,papaya,0
35,67,49,7,papaya,0
56,59,55,7,papaya,0
39,64,53,7,papaya,0
18,30,29,6,coconut,0
37,23,28,6,coconut,0
13,28,33,6,coconut,0
2,21,35,6,coconut,0
10,18,35,6,coconut,0
7,11,32,6,coconut,0
39,5,31,6,coconut,0
34,6,27,6,coconut,0
31,30,29,6,coconut,0
25,7,35,6,coconut,0
16,18,26,6,coconut,0
26,10,33,6,coconut,0
27,8,32,6,coconut,0
37,18,30,6,coconut,0
19,15,34,6,coconut,0
0,19,33,6,coconut,0
31,20,26,6,coconut,0
9,17,32,6,coconut,0
22,11,29,6,coconut,0
31,6,26,6,coconut,0
34,6,30,6,coconut,0
24,6,32,6,coconut,0
1,8,26,6,coconut,0
31,13,33,6,coconut,0
10,9,28,6,coconut,0
36,27,26,6,coconut,0
38,24,33,6,coconut,0
11,6,25,6,coconut,0
16,14,30,6,coconut,0
33,14,35,6,coconut,0
16,6,29,6,coconut,0
32,11,31,6,coconut,0
38,14,30,6,coconut,0
8,6,33,6,coconut,0
23,6,33,6,coconut,0
29,25,35,6,coconut,0
24,14,33,6,coconut,0
32,12,30,6,coconut,0
30,25,31,6,coconut,0
14,21,35,6,coconut,0
27,22,29,6,coconut,0
40,5,29,6,coconut,0
17,11,32,6,coconut,0
30,30,35,6,coconut,0
28,10,30,6,coconut,0
39,7,29,6,coconut,0
32,20,35,6,coconut,0
7,15,32,6,coconut,0
29,17,29,6,coconut,0
34,15,34,6,coconut,0
14,23,25,6,coconut,0
18,19,29,6,coconut,0
7,21,35,6,coconut,0
24,27,34,6,coconut,0
39,29,29,6,coconut,0
29,8,28,6,coconut,0
10,24,27,6,coconut,0
0,29,32,6,coconut,0
32,11,31,6,coconut,0
37,10,32,6,coconut,0
20,29,27,6,coconut,0
31,29,35,6,coconut,0
17,30,27,6,coconut,0
1,12,30,6,coconut,0
6,13,29,6,coconut,0
15,28,32,6,coconut,0
27,24,29,6,coconut,0
3,23,30,6,coconut,0
8,26,26,6,coconut,0
20,28,26,6,coconut,0
26,18,27,6,coconut,0
1,6,35,6,coconut,0
27,30,31,6,coconut,0
23,7,34,6,coconut,0
0,26,31,6,coconut,0
38,6,25,6,coconut,0
25,12,26,6,coconut,0
40,5,32,6,coconut,0
0,19,31,6,coconut,0
26,9,32,6,coconut,0
35,30,34,6,coconut,0
19,30,30,6,coconut,0
31,13,33,6,coconut,0
17,29,26,6,coconut,0
2,30,30,6,coconut,0
30,13,25,6,coconut,0
8,15,33,6,coconut,0
18,12,35,6,coconut,0
8,28,30,6,coconut,0
40,22,29,6,coconut,0
27,10,33,6,coconut,0
21,20,31,6,coconut,0
3,9,35,6,coconut,0
22,16,27,6,coconut,0
27,8,30,6,coconut,0
22,8,33,6,coconut,0
28,27,32,6,coconut,0
23,21,26,6,coconut,0
37,5,34,6,coconut,0
19,26,29,6,coconut,0
133,47,24,7,cotton,0
136,36,20,7,cotton,0
104,47,18,8,cotton,0
133,47,23,7,cotton,0
126,38,23,6,cotton,0
126,50,19,7,cotton,0
113,41,20,7,cotton,0
121,45,22,6,cotton,0
121,47,16,8,cotton,0
129,60,22,6,cotton,0
107,45,25,7,cotton,0
122,59,18,6,cotton,0
140,38,15,6,cotton,0
102,49,21,6,cotton,0
111,40,25,6,cotton,0
131,35,18,7,cotton,0
135,43,16,7,cotton,0
100,46,18,6,cotton,0
123,39,24,7,cotton,0
117,56,15,7,cotton,0
121,36,24,7,cotton,0
101,58,18,7,cotton,0
107,42,24,6,cotton,0
100,41,22,7,cotton,0
125,39,21,8,cotton,0
105,60,23,6,cotton,0
102,46,19,7,cotton,0
131,49,22,7,cotton,0
139,35,15,6,cotton,0
108,36,19,7,cotton,0
118,45,23,8,cotton,0
107,51,22,6,cotton,0
125,60,17,7,cotton,0
113,37,20,7,cotton,0
131,52,16,6,cotton,0
115,48,16,7,cotton,0
113,38,25,7,cotton,0
111,41,18,6,cotton,0
111,53,19,6,cotton,0
122,48,16,6,cotton,0
108,46,17,7,cotton,0
132,41,22,8,cotton,0
103,42,17,7,cotton,0
133,50,25,8,cotton,0
127,37,18,7,cotton,0
110,39,25,7,cotton,0
131,38,19,7,cotton,0
108,38,24,7,cotton,0
122,40,17,7,cotton,0
111,50,15,8,cotton,0
140,40,17,6,cotton,0
100,40,20,7,cotton,0
123,50,16,6,cotton,0
107,36,21,6,cotton,0
118,50,19,6,cotton,0
103,51,20,7,cotton,0
133,57,19,8,cotton,0
129,47,20,6,cotton,0
116,52,19,6,cotton,0
114,40,23,7,cotton,0
131,60,17,7,cotton,0
107,43,18,7,cotton,0
123,44,21,8,cotton,0
112,49,25,6,cotton,0
119,44,15,7,cotton,0
130,59,19,7,cotton,0
127,53,24,6,cotton,0
134,52,18,8,cotton,0
109,36,18,8,cotton,0
100,48,17,8,cotton,0
132,52,19,6,cotton,0
102,37,25,6,cotton,0
111,39,22,6,cotton,0
117,51,15,6,cotton,0
136,36,24,8,cotton,0
134,56,18,7,cotton,0
112,54,15,6,cotton,0
105,56,15,7,cotton,0
140,45,15,6,cotton,0
126,46,25,7,cotton,0
106,49,24,7,cotton,0
121,53,19,8,cotton,0
108,60,17,7,cotton,0
116,56,17,8,cotton,0
100,52,19,8,cotton,0
129,43,16,7,cotton,0
118,44,23,7,cotton,0
117,43,25,8,cotton,0
126,37,21,7,cotton,0
120,48,16,7,cotton,0
102,45,16,7,cotton,0
131,56,20,8,cotton,0
114,40,17,6,cotton,0
101,37,18,8,cotton,0
106,46,20,6,cotton,0
113,38,20,6,cotton,0
102,53,21,7,cotton,0
110,39,18,8,cotton,0
107,58,15,8,cotton,0
120,60,15,7,cotton,0
89,47,38,6,jute,0
60,37,39,6,jute,0
63,41,45,7,jute,0
86,40,39,6,jute,0
96,41,40,6,jute,0
100,35,36,6,jute,0
63,37,43,7,jute,0
70,43,40,6,jute,0
67,55,44,7,jute,0
74,40,40,6,jute,0
89,53,44,7,jute,0
74,46,45,6,jute,0
89,41,38,6,jute,0
60,55,40,7,jute,0
67,43,38,7,jute,0
70,38,35,7,jute,0
74,49,38,7,jute,0
90,40,39,7,jute,0
82,35,44,6,jute,0
73,45,37,7,jute,0
85,53,38,7,jute,0
81,56,36,7,jute,0
84,55,38,7,jute,0
80,45,42,7,jute,0
76,54,45,6,jute,0
76,56,39,7,jute,0
81,40,45,6,jute,0
76,44,45,7,jute,0
69,47,40,6,jute,0
82,40,45,7,jute,0
69,57,35,6,jute,0
81,36,38,6,jute,0
67,60,38,7,jute,0
72,51,40,7,jute,0
65,39,45,7,jute,0
78,50,43,6,jute,0
77,52,41,6,jute,0
89,52,42,6,jute,0
62,49,37,7,jute,0
90,48,45,7,jute,0
66,47,36,7,jute,0
80,52,39,7,jute,0
89,52,45,7,jute,0
77,51,44,7,jute,0
94,37,41,6,jute,0
75,41,35,7,jute,0
60,55,36,7,jute,0
62,56,35,6,jute,0
84,40,42,7,jute,0
100,56,40,7,jute,0
75,56,44,6,jute,0
78,46,42,7,jute,0
82,48,36,6,jute,0
100,58,41,7,jute,0
88,50,40,7,jute,0
67,41,40,7,jute,0
72,42,43,6,jute,0
89,40,43,7,jute,0
89,57,43,7,jute,0
61,41,44,7,jute,0
79,45,43,7,jute,0
84,40,43,7,jute,0
98,43,35,7,jute,0
75,36,44,7,jute,0
89,58,35,6,jute,0
91,41,37,6,jute,0
77,48,36,7,jute,0
66,58,35,7,jute,0
62,59,41,7,jute,0
82,35,35,7,jute,0
61,41,35,7,jute,0
99,57,38,6,jute,0
70,42,43,7,jute,0
90,59,35,7,jute,0
73,43,42,6,jute,0
67,46,44,7,jute,0
84,37,42,7,jute,0
72,41,36,6,jute,0
71,56,37,6,jute,0
64,53,38,7,jute,0
65,54,39,7,jute,0
60,58,37,6,jute,0
86,39,43,6,jute,0
90,50,44,6,jute,0
91,38,36,7,jute,0
87,48,38,7,jute,0
72,41,36,6,jute,0
71,54,35,7,jute,0
82,46,41,7,jute,0
71,52,43,7,jute,0
80,43,43,6,jute,0
77,55,43,7,jute,0
95,57,41,6,jute,0
63,47,35,7,jute,0
93,43,38,7,jute,0
87,44,43,7,jute,0
88,52,39,7,jute,0
90,39,37,7,jute,0
90,39,43,7,jute,0
84,38,43,7,jute,0
91,21,26,7,coffee,0
107,21,26,7,coffee,0
83,38,35,7,coffee,0
108,24,31,6,coffee,0
116,28,34,6,coffee,0
116,23,25,7,coffee,0
109,31,27,7,coffee,0
89,25,34,7,coffee,0
118,18,32,6,coffee,0
111,32,34,6,coffee,0
84,36,28,6,coffee,0
85,33,25,7,coffee,0
99,15,27,7,coffee,0
81,30,31,7,coffee,0
95,39,29,7,coffee,0
81,34,30,7,coffee,0
80,15,28,7,coffee,0
104,20,26,7,coffee,0
109,29,28,7,coffee,0
100,32,26,6,coffee,0
100,24,28,7,coffee,0
83,21,28,7,coffee,0
120,23,28,7,coffee,0
104,26,30,6,coffee,0
108,33,31,7,coffee,0
91,25,26,7,coffee,0
86,26,27,6,coffee,0
98,18,27,7,coffee,0
111,27,31,6,coffee,0
84,39,35,7,coffee,0
98,27,27,7,coffee,0
118,21,34,7,coffee,0
103,27,31,7,coffee,0
82,24,33,7,coffee,0
86,31,35,6,coffee,0
88,35,35,7,coffee,0
84,27,29,7,coffee,0
120,40,33,7,coffee,0
106,40,30,7,coffee,0
113,21,33,7,coffee,0
117,34,25,7,coffee,0
80,30,25,7,coffee,0
88,21,27,7,coffee,0
113,33,34,7,coffee,0
87,23,28,7,coffee,0
113,15,29,7,coffee,0
98,29,30,6,coffee,0
97,29,27,7,coffee,0
85,35,32,7,coffee,0
82,29,35,6,coffee,0
103,33,25,7,coffee,0
112,17,28,7,coffee,0
99,19,33,6,coffee,0
120,20,34,7,coffee,0
114,27,28,7,coffee,0
100,40,35,7,coffee,0
108,35,25,7,coffee,0
115,31,30,7,coffee,0
87,28,30,7,coffee,0
82,24,26,6,coffee,0
94,26,27,7,coffee,0
87,28,35,7,coffee,0
118,40,35,7,coffee,0
87,38,29,7,coffee,0
92,40,30,6,coffee,0
97,22,26,6,coffee,0
99,40,32,7,coffee,0
89,28,33,7,coffee,0
112,39,29,7,coffee,0
111,28,26,7,coffee,0
114,20,26,7,coffee,0
117,26,30,7,coffee,0
111,29,31,6,coffee,0
119,30,28,7,coffee,0
116,40,33,7,coffee,0
95,37,35,6,coffee,0
86,40,33,7,coffee,0
117,37,32,7,coffee,0
105,18,35,7,coffee,0
109,23,25,7,coffee,0
80,18,31,7,coffee,0
101,31,26,7,coffee,0
103,33,33,7,coffee,0
93,26,27,7,coffee,0
104,35,28,7,coffee,0
116,36,25,6,coffee,0
107,38,29,6,coffee,0
101,33,33,7,coffee,0
107,31,31,7,coffee,0
99,16,30,6,coffee,0
103,40,30,6,coffee,0
118,31,34,6,coffee,0
106,21,35,7,coffee,0
116,38,34,6,coffee,0
97,35,26,6,coffee,0
107,34,32,7,coffee,0
99,15,27,6,coffee,0
118,33,30,6,coffee,0
117,32,34,7,coffee,0
104,18,30,7,coffee,0
